Tracker,Status,Priority,Subject,Category,Estimated time,Description,Caratteristica di riferimento
To-Do,New,Normal,"java:S1068:  ""Remove this unused LOG private field.""",MAJOR,5min,Key: AXbcm1hPQMM9LkOlHv71 Path: 2020-mmqs-main-java--org.sejda:sejda-parent:sejda-conversion/src/main/java/org/sejda/conversion/PdfFileSourceListAdapter.java - startLine: 189;startOffset: 32;endOffset: 35;endLine: 189,Maintenance (Code Smells)
To-Do,New,Normal,"java:S2629:  ""Invoke method(s) only conditionally.""",MAJOR,5min,Key: AXbYmoCxzwPtzICP-TOO Path: 2020-mmqs-main-java--org.sejda:sejda-parent:sejda-core/src/main/java/org/sejda/core/context/GlobalConfiguration.java - startLine: 69;startOffset: 22;endOffset: 71;endLine: 69,Maintenance (Code Smells)
To-Do,New,Normal,"java:S125:  ""This block of commented-out lines of code should be removed.""",MAJOR,5min,Key: AXbXlTP17P_lN_ZuPs2E Path: 2020-mmqs-main-java--org.sejda:sejda-parent:sejda-sambox/src/main/java/org/sejda/impl/sambox/component/PdfScaler.java - startLine: 132;startOffset: 11;endOffset: 63;endLine: 132,Maintenance (Code Smells)
To-Do,New,Normal,"java:S1612:  ""Replace this lambda with method reference 'PDAnnotationWidget.class::cast'.""",MINOR,2min,Key: AXaPGVy68LKHpH7XnEPH Path: 2020-mmqs-main-java--org.sejda:sejda-parent:sejda-sambox/src/main/java/org/sejda/impl/sambox/component/AcroFormsMerger.java - startLine: 267;startOffset: 68;endOffset: 70;endLine: 267,Maintenance (Code Smells)
To-Do,New,Normal,"java:S1612:  ""Replace this lambda with a method reference.""",MINOR,2min,Key: AXaPGVy68LKHpH7XnEPI Path: 2020-mmqs-main-java--org.sejda:sejda-parent:sejda-sambox/src/main/java/org/sejda/impl/sambox/component/AcroFormsMerger.java - startLine: 273;startOffset: 59;endOffset: 61;endLine: 273,Maintenance (Code Smells)
To-Do,New,Normal,"java:S1602:  ""Remove useless curly braces around statement and then remove useless return keyword""",MINOR,5min,Key: AXaPGVp_8LKHpH7XnEMg Path: 2020-mmqs-main-java--org.sejda:sejda-parent:sejda-conversion/src/main/java/org/sejda/conversion/PdfFileSourceListAdapter.java - startLine: 175;startOffset: 63;endOffset: 64;endLine: 175,Maintenance (Code Smells)
To-Do,New,Normal,"java:S1612:  ""Replace this lambda with a method reference.""",MINOR,2min,Key: AXaPGVxm8LKHpH7XnEOc Path: 2020-mmqs-main-java--org.sejda:sejda-parent:sejda-core/src/main/java/org/sejda/core/support/prefix/NameGenerator.java - startLine: 62;startOffset: 81;endOffset: 83;endLine: 62,Maintenance (Code Smells)
To-Do,New,Normal,"java:S1135:  ""Complete the task associated to this TODO comment.""",INFO,,Key: AXaPGVxT8LKHpH7XnEOY Path: 2020-mmqs-main-java--org.sejda:sejda-parent:sejda-core/src/main/java/org/sejda/core/support/prefix/processor/PrefixUtils.java - startLine: 33;startOffset: 0;endOffset: 166;endLine: 33,Maintenance (Code Smells)
To-Do,New,Normal,"java:S1612:  ""Replace this lambda with method reference 'PdfMergeInput.class::cast'.""",MINOR,2min,Key: AXaPGVsD8LKHpH7XnENL Path: 2020-mmqs-main-java--org.sejda:sejda-parent:sejda-model/src/main/java/org/sejda/model/parameter/BaseMergeParameters.java - startLine: 72;startOffset: 63;endOffset: 65;endLine: 72,Maintenance (Code Smells)
To-Do,New,Normal,"java:S1135:  ""Complete the task associated to this TODO comment.""",INFO,,Key: AXaPGVzg8LKHpH7XnEPk Path: 2020-mmqs-main-java--org.sejda:sejda-parent:sejda-sambox/src/main/java/org/sejda/impl/sambox/component/FilenameFooterWriter.java - startLine: 84;startOffset: 0;endOffset: 150;endLine: 84,Maintenance (Code Smells)
To-Do,New,Normal,"java:S2386:  ""Make member TYPE0FONTS protected.""",MINOR,15min,Key: AXaPGV0B8LKHpH7XnEQK Path: 2020-mmqs-main-java--org.sejda:sejda-parent:sejda-sambox/src/main/java/org/sejda/impl/sambox/util/FontUtils.java - startLine: 99;startOffset: 8;endOffset: 18;endLine: 99,Maintenance (Code Smells)
To-Do,New,Normal,"java:S1450:  ""Remove the catalogPageLabelsMerger field and declare it as a local variable in the relevant methods.""",MINOR,5min,Key: AXaPGV0h8LKHpH7XnEQx Path: 2020-mmqs-main-java--org.sejda:sejda-parent:sejda-sambox/src/main/java/org/sejda/impl/sambox/MergeTask.java - startLine: 80;startOffset: 36;endOffset: 59;endLine: 80,Maintenance (Code Smells)
To-Do,New,Normal,"java:S1135:  ""Complete the task associated to this TODO comment.""",INFO,,Key: AXaPGVz-8LKHpH7XnEQC Path: 2020-mmqs-main-java--org.sejda:sejda-parent:sejda-sambox/src/main/java/org/sejda/impl/sambox/util/PageLabelUtils.java - startLine: 88;startOffset: 0;endOffset: 58;endLine: 88,Maintenance (Code Smells)
To-Do,New,Normal,"java:S1155:  ""Use isEmpty() to check whether the collection is empty or not.""",MINOR,2min,Key: AXaPGVy68LKHpH7XnEPG Path: 2020-mmqs-main-java--org.sejda:sejda-parent:sejda-sambox/src/main/java/org/sejda/impl/sambox/component/AcroFormsMerger.java - startLine: 329;startOffset: 27;endOffset: 40;endLine: 329,Maintenance (Code Smells)
To-Do,New,Normal,"java:S1612:  ""Replace this lambda with a method reference.""",MINOR,2min,Key: AXaPGVzQ8LKHpH7XnEPT Path: 2020-mmqs-main-java--org.sejda:sejda-parent:sejda-sambox/src/main/java/org/sejda/impl/sambox/component/ContentStreamProcessor.java - startLine: 53;startOffset: 32;endOffset: 34;endLine: 53,Maintenance (Code Smells)
To-Do,New,Normal,"java:S1135:  ""Complete the task associated to this TODO comment.""",INFO,,Key: AXaPGVzQ8LKHpH7XnEPU Path: 2020-mmqs-main-java--org.sejda:sejda-parent:sejda-sambox/src/main/java/org/sejda/impl/sambox/component/ContentStreamProcessor.java - startLine: 60;startOffset: 0;endOffset: 71;endLine: 60,Maintenance (Code Smells)
To-Do,New,Normal,"java:S1155:  ""Use isEmpty() to check whether the collection is empty or not.""",MINOR,2min,Key: AXaPGVzp8LKHpH7XnEPt Path: 2020-mmqs-main-java--org.sejda:sejda-parent:sejda-sambox/src/main/java/org/sejda/impl/sambox/component/excel/DataTable.java - startLine: 120;startOffset: 15;endOffset: 35;endLine: 120,Maintenance (Code Smells)
To-Do,New,Normal,"java:S1488:  ""Immediately return this expression instead of assigning it to the temporary variable factor.""",MINOR,2min,Key: AXaPGVzu8LKHpH7XnEPv Path: 2020-mmqs-main-java--org.sejda:sejda-parent:sejda-sambox/src/main/java/org/sejda/impl/sambox/component/PdfScaler.java - startLine: 333;startOffset: 23;endOffset: 58;endLine: 333,Maintenance (Code Smells)
To-Do,New,Normal,"java:S3008:  ""Rename this field FONT to match the regular expression '^[a-z][a-zA-Z0-9]*$'.""",MINOR,2min,Key: AXaPGVzg8LKHpH7XnEPh Path: 2020-mmqs-main-java--org.sejda:sejda-parent:sejda-sambox/src/main/java/org/sejda/impl/sambox/component/FilenameFooterWriter.java - startLine: 49;startOffset: 26;endOffset: 30;endLine: 49,Maintenance (Code Smells)
To-Do,New,Normal,"java:S3008:  ""Rename this field FONT_SIZE to match the regular expression '^[a-z][a-zA-Z0-9]*$'.""",MINOR,2min,Key: AXaPGVzg8LKHpH7XnEPi Path: 2020-mmqs-main-java--org.sejda:sejda-parent:sejda-sambox/src/main/java/org/sejda/impl/sambox/component/FilenameFooterWriter.java - startLine: 50;startOffset: 26;endOffset: 35;endLine: 50,Maintenance (Code Smells)
To-Do,New,Normal,"java:S1135:  ""Complete the task associated to this TODO comment.""",INFO,,Key: AXaPGVy38LKHpH7XnEPE Path: 2020-mmqs-main-java--org.sejda:sejda-parent:sejda-sambox/src/main/java/org/sejda/impl/sambox/component/TableOfContentsCreator.java - startLine: 209;startOffset: 0;endOffset: 94;endLine: 209,Maintenance (Code Smells)
To-Do,New,Normal,"java:S1135:  ""Complete the task associated to this TODO comment.""",INFO,,Key: AXaPGV0B8LKHpH7XnEQT Path: 2020-mmqs-main-java--org.sejda:sejda-parent:sejda-sambox/src/main/java/org/sejda/impl/sambox/util/FontUtils.java - startLine: 509;startOffset: 0;endOffset: 64;endLine: 509,Maintenance (Code Smells)
To-Do,New,Normal,"java:S1602:  ""Remove useless curly braces around statement""",MINOR,5min,Key: AXaPGVzu8LKHpH7XnEP0 Path: 2020-mmqs-main-java--org.sejda:sejda-parent:sejda-sambox/src/main/java/org/sejda/impl/sambox/component/PdfScaler.java - startLine: 181;startOffset: 91;endOffset: 92;endLine: 181,Maintenance (Code Smells)
To-Do,New,Normal,"java:S1602:  ""Remove useless curly braces around statement""",MINOR,5min,Key: AXaPGVzu8LKHpH7XnEP1 Path: 2020-mmqs-main-java--org.sejda:sejda-parent:sejda-sambox/src/main/java/org/sejda/impl/sambox/component/PdfScaler.java - startLine: 187;startOffset: 103;endOffset: 104;endLine: 187,Maintenance (Code Smells)
To-Do,New,Normal,"java:S1602:  ""Remove useless curly braces around statement""",MINOR,5min,Key: AXaPGVzu8LKHpH7XnEP2 Path: 2020-mmqs-main-java--org.sejda:sejda-parent:sejda-sambox/src/main/java/org/sejda/impl/sambox/component/PdfScaler.java - startLine: 194;startOffset: 64;endOffset: 65;endLine: 194,Maintenance (Code Smells)
To-Do,New,Normal,"java:S1602:  ""Remove useless curly braces around statement""",MINOR,5min,Key: AXaPGVzu8LKHpH7XnEP3 Path: 2020-mmqs-main-java--org.sejda:sejda-parent:sejda-sambox/src/main/java/org/sejda/impl/sambox/component/PdfScaler.java - startLine: 200;startOffset: 95;endOffset: 96;endLine: 200,Maintenance (Code Smells)
To-Do,New,Normal,"java:S1612:  ""Replace this lambda with a method reference.""",MINOR,2min,Key: AXaPGVz18LKHpH7XnEP6 Path: 2020-mmqs-main-java--org.sejda:sejda-parent:sejda-sambox/src/main/java/org/sejda/impl/sambox/component/ReadOnlyFilteredCOSStream.java - startLine: 179;startOffset: 58;endOffset: 60;endLine: 179,Maintenance (Code Smells)
To-Do,New,Normal,"java:S1612:  ""Replace this lambda with a method reference.""",MINOR,2min,Key: AXaPGVyw8LKHpH7XnEO- Path: 2020-mmqs-main-java--org.sejda:sejda-parent:sejda-sambox/src/main/java/org/sejda/impl/sambox/component/optimization/ResourceDictionaryCleaner.java - startLine: 87;startOffset: 89;endOffset: 91;endLine: 87,Maintenance (Code Smells)
To-Do,New,Normal,"java:S2200:  ""Only the sign of the result should be examined.""",MINOR,5min,Key: AXaPGVtF8LKHpH7XnENh Path: 2020-mmqs-main-java--org.sejda:sejda-parent:sejda-model/src/main/java/org/sejda/model/validation/validator/NotNegativeNumberValidator.java - startLine: 45;startOffset: 67;endOffset: 69;endLine: 45,Reliability (Bugs)
To-Do,New,Normal,"java:S2200:  ""Only the sign of the result should be examined.""",MINOR,5min,Key: AXaPGVtF8LKHpH7XnENi Path: 2020-mmqs-main-java--org.sejda:sejda-parent:sejda-model/src/main/java/org/sejda/model/validation/validator/NotNegativeNumberValidator.java - startLine: 48;startOffset: 67;endOffset: 69;endLine: 48,Reliability (Bugs)
To-Do,New,Normal,"java:S1165:  ""Make this unsupportedChars field final.""",MINOR,15min,Key: AXaPGVqa8LKHpH7XnEMm Path: 2020-mmqs-main-java--org.sejda:sejda-parent:sejda-model/src/main/java/org/sejda/model/exception/UnsupportedTextException.java - startLine: 24;startOffset: 19;endOffset: 35;endLine: 24,Maintenance (Code Smells)
To-Do,New,Normal,"java:S1444:  ""Make this public static HELVETICA field final""",MINOR,20min,Key: AXaPGV0B8LKHpH7XnEQF Path: 2020-mmqs-main-java--org.sejda:sejda-parent:sejda-sambox/src/main/java/org/sejda/impl/sambox/util/FontUtils.java - startLine: 94;startOffset: 25;endOffset: 34;endLine: 94,Maintenance (Code Smells)
To-Do,New,Normal,"java:S1104:  ""Make HELVETICA a static final constant or non-public and provide accessors if needed.""",MINOR,10min,Key: AXaPGV0B8LKHpH7XnEQI Path: 2020-mmqs-main-java--org.sejda:sejda-parent:sejda-sambox/src/main/java/org/sejda/impl/sambox/util/FontUtils.java - startLine: 94;startOffset: 25;endOffset: 34;endLine: 94,Maintenance (Code Smells)
To-Do,New,Normal,"java:S3008:  ""Rename this field HELVETICA to match the regular expression '^[a-z][a-zA-Z0-9]*$'.""",MINOR,2min,Key: AXaPGV0B8LKHpH7XnEQJ Path: 2020-mmqs-main-java--org.sejda:sejda-parent:sejda-sambox/src/main/java/org/sejda/impl/sambox/util/FontUtils.java - startLine: 94;startOffset: 25;endOffset: 34;endLine: 94,Maintenance (Code Smells)
To-Do,New,Normal,"java:S1206:  ""This class overrides equals() and should therefore also override hashCode().""",MINOR,15min,Key: AXaPGVrQ8LKHpH7XnEM3 Path: 2020-mmqs-main-java--org.sejda:sejda-parent:sejda-model/src/main/java/org/sejda/model/parameter/image/PdfToPngParameters.java - startLine: 43;startOffset: 19;endOffset: 25;endLine: 43,Reliability (Bugs)
To-Do,New,Normal,"java:S1640:  ""Convert this Map to an EnumMap.""",MINOR,5min,Key: AXaPGV178LKHpH7XnERe Path: 2020-mmqs-main-java--org.sejda:sejda-parent:sejda-image-writers/src/main/java/org/sejda/core/writer/imageio/AbstractImageWriter.java - startLine: 57;startOffset: 65;endOffset: 107;endLine: 57,Maintenance (Code Smells)
To-Do,New,Normal,"java:S2293:  ""Replace the type specification in this constructor call with the diamond operator (<>).""",MINOR,1min,Key: AXaPGV178LKHpH7XnERf Path: 2020-mmqs-main-java--org.sejda:sejda-parent:sejda-image-writers/src/main/java/org/sejda/core/writer/imageio/AbstractImageWriter.java - startLine: 57;startOffset: 76;endOffset: 105;endLine: 57,Maintenance (Code Smells)
To-Do,New,Normal,"java:S1874:  ""Remove this use of divide; it is deprecated.""",MINOR,15min,Key: AXaPGVyG8LKHpH7XnEOk Path: 2020-mmqs-main-java--org.sejda:sejda-parent:sejda-core/src/main/java/org/sejda/core/notification/dsl/ApplicationEventsNotifier.java - startLine: 126;startOffset: 75;endOffset: 81;endLine: 126,Maintenance (Code Smells)
To-Do,New,Normal,"java:S1874:  ""Remove this use of ROUND_HALF_DOWN; it is deprecated.""",MINOR,15min,Key: AXaPGVyG8LKHpH7XnEOl Path: 2020-mmqs-main-java--org.sejda:sejda-parent:sejda-core/src/main/java/org/sejda/core/notification/dsl/ApplicationEventsNotifier.java - startLine: 126;startOffset: 100;endOffset: 115;endLine: 126,Maintenance (Code Smells)
To-Do,New,Normal,"java:S1612:  ""Replace this lambda with a method reference.""",MINOR,2min,Key: AXaPGVpf8LKHpH7XnEMZ Path: 2020-mmqs-main-java--org.sejda:sejda-parent:sejda-conversion/src/main/java/org/sejda/conversion/WildcardsPdfFileSourceAdapter.java - startLine: 62;startOffset: 44;endOffset: 46;endLine: 62,Maintenance (Code Smells)
To-Do,New,Normal,"java:S1612:  ""Replace this lambda with a method reference.""",MINOR,2min,Key: AXaPGVz78LKHpH7XnEQA Path: 2020-mmqs-main-java--org.sejda:sejda-parent:sejda-sambox/src/main/java/org/sejda/impl/sambox/component/OutlineDistiller.java - startLine: 89;startOffset: 27;endOffset: 29;endLine: 89,Maintenance (Code Smells)
To-Do,New,Normal,"java:S1612:  ""Replace this lambda with method reference 'PDAnnotationWidget.class::cast'.""",MINOR,2min,Key: AXaPGVy68LKHpH7XnEPJ Path: 2020-mmqs-main-java--org.sejda:sejda-parent:sejda-sambox/src/main/java/org/sejda/impl/sambox/component/AcroFormsMerger.java - startLine: 347;startOffset: 23;endOffset: 25;endLine: 347,Maintenance (Code Smells)
To-Do,New,Normal,"java:S1165:  ""Make this reasons field final.""",MINOR,15min,Key: AXaPGVqe8LKHpH7XnEMn Path: 2020-mmqs-main-java--org.sejda:sejda-parent:sejda-model/src/main/java/org/sejda/model/exception/InvalidTaskParametersException.java - startLine: 34;startOffset: 25;endOffset: 32;endLine: 34,Maintenance (Code Smells)
To-Do,New,Normal,"java:S1319:  ""The return type of this method should be an interface such as SortedSet rather than the implementation TreeSet.""",MINOR,10min,Key: AXaPGVzp8LKHpH7XnEPs Path: 2020-mmqs-main-java--org.sejda:sejda-parent:sejda-sambox/src/main/java/org/sejda/impl/sambox/component/excel/DataTable.java - startLine: 78;startOffset: 11;endOffset: 27;endLine: 78,Maintenance (Code Smells)
To-Do,New,Normal,"java:S1612:  ""Replace this lambda with a method reference.""",MINOR,2min,Key: AXaPGV0h8LKHpH7XnEQ2 Path: 2020-mmqs-main-java--org.sejda:sejda-parent:sejda-sambox/src/main/java/org/sejda/impl/sambox/MergeTask.java - startLine: 264;startOffset: 35;endOffset: 37;endLine: 264,Maintenance (Code Smells)
To-Do,New,Normal,"java:S1612:  ""Replace this lambda with method reference 'COSDictionary.class::cast'.""",MINOR,2min,Key: AXaPGVzG8LKHpH7XnEPO Path: 2020-mmqs-main-java--org.sejda:sejda-parent:sejda-sambox/src/main/java/org/sejda/impl/sambox/component/split/PageCopier.java - startLine: 70;startOffset: 27;endOffset: 29;endLine: 70,Maintenance (Code Smells)
To-Do,New,Normal,"java:S3416:  ""Update this logger to use PdfMixFragment.class.""",MINOR,5min,Key: AXaPGVz38LKHpH7XnEP8 Path: 2020-mmqs-main-java--org.sejda:sejda-parent:sejda-sambox/src/main/java/org/sejda/impl/sambox/component/PdfMixFragment.java - startLine: 44;startOffset: 62;endOffset: 85;endLine: 44,Maintenance (Code Smells)
To-Do,New,Normal,"java:S2293:  ""Replace the type specification in this constructor call with the diamond operator (<>).""",MINOR,1min,Key: AXaPGVsY8LKHpH7XnENX Path: 2020-mmqs-main-java--org.sejda:sejda-parent:sejda-model/src/main/java/org/sejda/model/parameter/ExtractPagesParameters.java - startLine: 112;startOffset: 44;endOffset: 53;endLine: 112,Maintenance (Code Smells)
To-Do,New,Normal,"java:S2293:  ""Replace the type specification in this constructor call with the diamond operator (<>).""",MINOR,1min,Key: AXaPGVsY8LKHpH7XnENY Path: 2020-mmqs-main-java--org.sejda:sejda-parent:sejda-model/src/main/java/org/sejda/model/parameter/ExtractPagesParameters.java - startLine: 125;startOffset: 52;endOffset: 61;endLine: 125,Maintenance (Code Smells)
To-Do,New,Normal,"java:S1602:  ""Remove useless curly braces around statement and then remove useless return keyword""",MINOR,5min,Key: AXaPGVy_8LKHpH7XnEPM Path: 2020-mmqs-main-java--org.sejda:sejda-parent:sejda-sambox/src/main/java/org/sejda/impl/sambox/component/split/SizePdfSplitter.java - startLine: 113;startOffset: 42;endOffset: 43;endLine: 113,Maintenance (Code Smells)
To-Do,New,Normal,"java:S1450:  ""Remove the outputWriter field and declare it as a local variable in the relevant methods.""",MINOR,5min,Key: AXaPGVzD8LKHpH7XnEPN Path: 2020-mmqs-main-java--org.sejda:sejda-parent:sejda-sambox/src/main/java/org/sejda/impl/sambox/component/split/PageDestinationsLevelPdfExtractor.java - startLine: 51;startOffset: 33;endOffset: 45;endLine: 51,Maintenance (Code Smells)
To-Do,New,Normal,"java:S1612:  ""Replace this lambda with a method reference.""",MINOR,2min,Key: AXaPGVyw8LKHpH7XnEO_ Path: 2020-mmqs-main-java--org.sejda:sejda-parent:sejda-sambox/src/main/java/org/sejda/impl/sambox/component/optimization/ResourceDictionaryCleaner.java - startLine: 97;startOffset: 102;endOffset: 104;endLine: 97,Maintenance (Code Smells)
To-Do,New,Normal,"java:S1612:  ""Replace this lambda with method reference 'COSDictionary.class::cast'.""",MINOR,2min,Key: AXaPGVyy8LKHpH7XnEPB Path: 2020-mmqs-main-java--org.sejda:sejda-parent:sejda-sambox/src/main/java/org/sejda/impl/sambox/component/optimization/OptimizationRuler.java - startLine: 84;startOffset: 63;endOffset: 65;endLine: 84,Maintenance (Code Smells)
To-Do,New,Normal,"java:S1602:  ""Remove useless curly braces around statement and then remove useless return keyword""",MINOR,5min,Key: AXaPGVyy8LKHpH7XnEPC Path: 2020-mmqs-main-java--org.sejda:sejda-parent:sejda-sambox/src/main/java/org/sejda/impl/sambox/component/optimization/OptimizationRuler.java - startLine: 116;startOffset: 54;endOffset: 55;endLine: 116,Maintenance (Code Smells)
To-Do,New,Normal,"java:S1612:  ""Replace this lambda with method reference 'COSStream.class::cast'.""",MINOR,2min,Key: AXaPGVyt8LKHpH7XnEO9 Path: 2020-mmqs-main-java--org.sejda:sejda-parent:sejda-sambox/src/main/java/org/sejda/impl/sambox/component/optimization/ResourcesHitter.java - startLine: 163;startOffset: 75;endOffset: 77;endLine: 163,Maintenance (Code Smells)
To-Do,New,Normal,"java:S1612:  ""Replace this lambda with a method reference.""",MINOR,2min,Key: AXaPGVyt8LKHpH7XnEO8 Path: 2020-mmqs-main-java--org.sejda:sejda-parent:sejda-sambox/src/main/java/org/sejda/impl/sambox/component/optimization/ResourcesHitter.java - startLine: 160;startOffset: 51;endOffset: 53;endLine: 160,Maintenance (Code Smells)
To-Do,New,Normal,"java:S1450:  ""Remove the footerWriter field and declare it as a local variable in the relevant methods.""",MINOR,5min,Key: AXaPGV0h8LKHpH7XnEQy Path: 2020-mmqs-main-java--org.sejda:sejda-parent:sejda-sambox/src/main/java/org/sejda/impl/sambox/MergeTask.java - startLine: 83;startOffset: 33;endOffset: 45;endLine: 83,Maintenance (Code Smells)
To-Do,New,Normal,"java:S1135:  ""Complete the task associated to this TODO comment.""",INFO,,Key: AXaPGVzm8LKHpH7XnEPq Path: 2020-mmqs-main-java--org.sejda:sejda-parent:sejda-sambox/src/main/java/org/sejda/impl/sambox/component/PageTextWriter.java - startLine: 59;startOffset: 0;endOffset: 37;endLine: 59,Maintenance (Code Smells)
To-Do,New,Normal,"java:S5411:  ""Use the primitive boolean expression here.""",MINOR,5min,Key: AXaPGV0Y8LKHpH7XnEQv Path: 2020-mmqs-main-java--org.sejda:sejda-parent:sejda-sambox/src/main/java/org/sejda/impl/sambox/ExtractPagesTask.java - startLine: 98;startOffset: 20;endOffset: 79;endLine: 99,Maintenance (Code Smells)
To-Do,New,Normal,"java:S4276:  ""Refactor this code to use the more specialised Functional Interface 'Predicate<PDDocument>'""",MINOR,5min,Key: AXaPGVyy8LKHpH7XnEPA Path: 2020-mmqs-main-java--org.sejda:sejda-parent:sejda-sambox/src/main/java/org/sejda/impl/sambox/component/optimization/OptimizationRuler.java - startLine: 44;startOffset: 13;endOffset: 30;endLine: 44,Maintenance (Code Smells)
To-Do,New,Normal,"java:S1640:  ""Convert this Map to an EnumMap.""",MINOR,5min,Key: AXaPGV0K8LKHpH7XnEQj Path: 2020-mmqs-main-java--org.sejda:sejda-parent:sejda-sambox/src/main/java/org/sejda/impl/sambox/util/TransitionUtils.java - startLine: 46;startOffset: 75;endOffset: 90;endLine: 46,Maintenance (Code Smells)
To-Do,New,Normal,"java:S1640:  ""Convert this Map to an EnumMap.""",MINOR,5min,Key: AXaPGVz-8LKHpH7XnEQB Path: 2020-mmqs-main-java--org.sejda:sejda-parent:sejda-sambox/src/main/java/org/sejda/impl/sambox/util/PageLabelUtils.java - startLine: 49;startOffset: 63;endOffset: 78;endLine: 49,Maintenance (Code Smells)
To-Do,New,Normal,"java:S1612:  ""Replace this lambda with a method reference.""",MINOR,2min,Key: AXaPGV0T8LKHpH7XnEQq Path: 2020-mmqs-main-java--org.sejda:sejda-parent:sejda-sambox/src/main/java/org/sejda/impl/sambox/UnpackTask.java - startLine: 90;startOffset: 39;endOffset: 41;endLine: 90,Maintenance (Code Smells)
To-Do,New,Normal,"java:S1612:  ""Replace this lambda with method reference 'PDAnnotationFileAttachment.class::cast'.""",MINOR,2min,Key: AXaPGV0T8LKHpH7XnEQr Path: 2020-mmqs-main-java--org.sejda:sejda-parent:sejda-sambox/src/main/java/org/sejda/impl/sambox/UnpackTask.java - startLine: 94;startOffset: 31;endOffset: 33;endLine: 94,Maintenance (Code Smells)
To-Do,New,Normal,"java:S1612:  ""Replace this lambda with method reference 'PDComplexFileSpecification.class::cast'.""",MINOR,2min,Key: AXaPGV0T8LKHpH7XnEQs Path: 2020-mmqs-main-java--org.sejda:sejda-parent:sejda-sambox/src/main/java/org/sejda/impl/sambox/UnpackTask.java - startLine: 95;startOffset: 84;endOffset: 86;endLine: 95,Maintenance (Code Smells)
To-Do,New,Normal,"java:S1612:  ""Replace this lambda with a method reference.""",MINOR,2min,Key: AXaPGV0T8LKHpH7XnEQt Path: 2020-mmqs-main-java--org.sejda:sejda-parent:sejda-sambox/src/main/java/org/sejda/impl/sambox/UnpackTask.java - startLine: 96;startOffset: 35;endOffset: 37;endLine: 96,Maintenance (Code Smells)
To-Do,New,Normal,"java:S1444:  ""Make this public static CREATOR field final""",MINOR,20min,Key: AXaPGVye8LKHpH7XnEOv Path: 2020-mmqs-main-java--org.sejda:sejda-parent:sejda-core/src/main/java/org/sejda/core/Sejda.java - startLine: 47;startOffset: 25;endOffset: 32;endLine: 47,Maintenance (Code Smells)
To-Do,New,Normal,"java:S1104:  ""Make CREATOR a static final constant or non-public and provide accessors if needed.""",MINOR,10min,Key: AXaPGVye8LKHpH7XnEOw Path: 2020-mmqs-main-java--org.sejda:sejda-parent:sejda-core/src/main/java/org/sejda/core/Sejda.java - startLine: 47;startOffset: 25;endOffset: 32;endLine: 47,Maintenance (Code Smells)
To-Do,New,Normal,"java:S3008:  ""Rename this field CREATOR to match the regular expression '^[a-z][a-zA-Z0-9]*$'.""",MINOR,2min,Key: AXaPGVye8LKHpH7XnEOx Path: 2020-mmqs-main-java--org.sejda:sejda-parent:sejda-core/src/main/java/org/sejda/core/Sejda.java - startLine: 47;startOffset: 25;endOffset: 32;endLine: 47,Maintenance (Code Smells)
To-Do,New,Normal,"java:S1104:  ""Make startPage a static final constant or non-public and provide accessors if needed.""",MINOR,10min,Key: AXaPGVt28LKHpH7XnENp Path: 2020-mmqs-main-java--org.sejda:sejda-parent:sejda-model/src/main/java/org/sejda/model/outline/OutlineExtractPageDestinations.java - startLine: 34;startOffset: 19;endOffset: 28;endLine: 34,Maintenance (Code Smells)
To-Do,New,Normal,"java:S1450:  ""Remove the acroFormsMerger field and declare it as a local variable in the relevant methods.""",MINOR,5min,Key: AXaPGV0h8LKHpH7XnEQw Path: 2020-mmqs-main-java--org.sejda:sejda-parent:sejda-sambox/src/main/java/org/sejda/impl/sambox/MergeTask.java - startLine: 81;startOffset: 28;endOffset: 43;endLine: 81,Maintenance (Code Smells)
To-Do,New,Normal,"java:S1612:  ""Replace this lambda with a method reference.""",MINOR,2min,Key: AXaPGVz78LKHpH7XnEP9 Path: 2020-mmqs-main-java--org.sejda:sejda-parent:sejda-sambox/src/main/java/org/sejda/impl/sambox/component/OutlineDistiller.java - startLine: 68;startOffset: 62;endOffset: 64;endLine: 68,Maintenance (Code Smells)
To-Do,New,Normal,"java:S1612:  ""Replace this lambda with a method reference.""",MINOR,2min,Key: AXaPGVz78LKHpH7XnEP- Path: 2020-mmqs-main-java--org.sejda:sejda-parent:sejda-sambox/src/main/java/org/sejda/impl/sambox/component/OutlineDistiller.java - startLine: 82;startOffset: 74;endOffset: 76;endLine: 82,Maintenance (Code Smells)
To-Do,New,Normal,"java:S1602:  ""Remove useless curly braces around statement""",MINOR,5min,Key: AXaPGVz78LKHpH7XnEP_ Path: 2020-mmqs-main-java--org.sejda:sejda-parent:sejda-sambox/src/main/java/org/sejda/impl/sambox/component/OutlineDistiller.java - startLine: 82;startOffset: 77;endOffset: 78;endLine: 82,Maintenance (Code Smells)
To-Do,New,Normal,"java:S1135:  ""Complete the task associated to this TODO comment.""",INFO,,Key: AXaPGVyp8LKHpH7XnEO1 Path: 2020-mmqs-main-java--org.sejda:sejda-parent:sejda-sambox/src/main/java/org/sejda/impl/sambox/component/PDDocumentHandler.java - startLine: 359;startOffset: 0;endOffset: 32;endLine: 359,Maintenance (Code Smells)
To-Do,New,Normal,"java:S1612:  ""Replace this lambda with a method reference.""",MINOR,2min,Key: AXaPGVy_8LKHpH7XnEPK Path: 2020-mmqs-main-java--org.sejda:sejda-parent:sejda-sambox/src/main/java/org/sejda/impl/sambox/component/split/SizePdfSplitter.java - startLine: 103;startOffset: 76;endOffset: 78;endLine: 103,Maintenance (Code Smells)
To-Do,New,Normal,"java:S1602:  ""Remove useless curly braces around statement and then remove useless return keyword""",MINOR,5min,Key: AXaPGVy_8LKHpH7XnEPL Path: 2020-mmqs-main-java--org.sejda:sejda-parent:sejda-sambox/src/main/java/org/sejda/impl/sambox/component/split/SizePdfSplitter.java - startLine: 103;startOffset: 79;endOffset: 80;endLine: 103,Maintenance (Code Smells)
To-Do,New,Normal,"java:S1135:  ""Complete the task associated to this TODO comment.""",INFO,,Key: AXaPGVyp8LKHpH7XnEO2 Path: 2020-mmqs-main-java--org.sejda:sejda-parent:sejda-sambox/src/main/java/org/sejda/impl/sambox/component/PDDocumentHandler.java - startLine: 360;startOffset: 0;endOffset: 109;endLine: 360,Maintenance (Code Smells)
To-Do,New,Normal,"java:S1135:  ""Complete the task associated to this TODO comment.""",INFO,,Key: AXaPGVyp8LKHpH7XnEO3 Path: 2020-mmqs-main-java--org.sejda:sejda-parent:sejda-sambox/src/main/java/org/sejda/impl/sambox/component/PDDocumentHandler.java - startLine: 362;startOffset: 0;endOffset: 50;endLine: 362,Maintenance (Code Smells)
To-Do,New,Normal,"java:S1874:  ""Remove this use of EXTRACTION_FOR_DISABLES; it is deprecated.""",MINOR,15min,Key: AXaPGVzx8LKHpH7XnEP5 Path: 2020-mmqs-main-java--org.sejda:sejda-parent:sejda-sambox/src/main/java/org/sejda/impl/sambox/component/PDDocumentAccessPermission.java - startLine: 102;startOffset: 52;endOffset: 75;endLine: 102,Maintenance (Code Smells)
To-Do,New,Normal,"java:S1450:  ""Remove the outputWriter field and declare it as a local variable in the relevant methods.""",MINOR,5min,Key: AXaPGVzI8LKHpH7XnEPQ Path: 2020-mmqs-main-java--org.sejda:sejda-parent:sejda-sambox/src/main/java/org/sejda/impl/sambox/component/split/AbstractPdfSplitter.java - startLine: 58;startOffset: 33;endOffset: 45;endLine: 58,Maintenance (Code Smells)
To-Do,New,Normal,"java:S1640:  ""Convert this Map to an EnumMap.""",MINOR,5min,Key: AXaPGV0F8LKHpH7XnEQY Path: 2020-mmqs-main-java--org.sejda:sejda-parent:sejda-sambox/src/main/java/org/sejda/impl/sambox/util/ViewerPreferencesUtils.java - startLine: 60;startOffset: 80;endOffset: 146;endLine: 60,Maintenance (Code Smells)
To-Do,New,Normal,"java:S2293:  ""Replace the type specification in this constructor call with the diamond operator (<>).""",MINOR,1min,Key: AXaPGV0F8LKHpH7XnEQc Path: 2020-mmqs-main-java--org.sejda:sejda-parent:sejda-sambox/src/main/java/org/sejda/impl/sambox/util/ViewerPreferencesUtils.java - startLine: 60;startOffset: 91;endOffset: 144;endLine: 60,Maintenance (Code Smells)
To-Do,New,Normal,"java:S1640:  ""Convert this Map to an EnumMap.""",MINOR,5min,Key: AXaPGV0F8LKHpH7XnEQZ Path: 2020-mmqs-main-java--org.sejda:sejda-parent:sejda-sambox/src/main/java/org/sejda/impl/sambox/util/ViewerPreferencesUtils.java - startLine: 71;startOffset: 53;endOffset: 93;endLine: 71,Maintenance (Code Smells)
To-Do,New,Normal,"java:S2293:  ""Replace the type specification in this constructor call with the diamond operator (<>).""",MINOR,1min,Key: AXaPGV0F8LKHpH7XnEQd Path: 2020-mmqs-main-java--org.sejda:sejda-parent:sejda-sambox/src/main/java/org/sejda/impl/sambox/util/ViewerPreferencesUtils.java - startLine: 71;startOffset: 64;endOffset: 91;endLine: 71,Maintenance (Code Smells)
To-Do,New,Normal,"java:S1640:  ""Convert this Map to an EnumMap.""",MINOR,5min,Key: AXaPGV0F8LKHpH7XnEQa Path: 2020-mmqs-main-java--org.sejda:sejda-parent:sejda-sambox/src/main/java/org/sejda/impl/sambox/util/ViewerPreferencesUtils.java - startLine: 83;startOffset: 51;endOffset: 87;endLine: 83,Maintenance (Code Smells)
To-Do,New,Normal,"java:S2293:  ""Replace the type specification in this constructor call with the diamond operator (<>).""",MINOR,1min,Key: AXaPGV0F8LKHpH7XnEQe Path: 2020-mmqs-main-java--org.sejda:sejda-parent:sejda-sambox/src/main/java/org/sejda/impl/sambox/util/ViewerPreferencesUtils.java - startLine: 83;startOffset: 62;endOffset: 85;endLine: 83,Maintenance (Code Smells)
To-Do,New,Normal,"java:S1640:  ""Convert this Map to an EnumMap.""",MINOR,5min,Key: AXaPGV0F8LKHpH7XnEQb Path: 2020-mmqs-main-java--org.sejda:sejda-parent:sejda-sambox/src/main/java/org/sejda/impl/sambox/util/ViewerPreferencesUtils.java - startLine: 95;startOffset: 45;endOffset: 77;endLine: 95,Maintenance (Code Smells)
To-Do,New,Normal,"java:S2293:  ""Replace the type specification in this constructor call with the diamond operator (<>).""",MINOR,1min,Key: AXaPGV0F8LKHpH7XnEQf Path: 2020-mmqs-main-java--org.sejda:sejda-parent:sejda-sambox/src/main/java/org/sejda/impl/sambox/util/ViewerPreferencesUtils.java - startLine: 95;startOffset: 56;endOffset: 75;endLine: 95,Maintenance (Code Smells)
To-Do,New,Normal,"java:S2786:  ""Remove this redundant static qualifier.""",MINOR,2min,Key: AXaPGV0F8LKHpH7XnEQg Path: 2020-mmqs-main-java--org.sejda:sejda-parent:sejda-sambox/src/main/java/org/sejda/impl/sambox/util/ViewerPreferencesUtils.java - startLine: 198;startOffset: 12;endOffset: 18;endLine: 198,Maintenance (Code Smells)
To-Do,New,Normal,"java:S1133:  ""Do not forget to remove this deprecated code someday.""",INFO,10min,Key: AXaPGVr_8LKHpH7XnENG Path: 2020-mmqs-main-java--org.sejda:sejda-parent:sejda-model/src/main/java/org/sejda/model/parameter/RotateParameters.java - startLine: 83;startOffset: 20;endOffset: 31;endLine: 83,Maintenance (Code Smells)
To-Do,New,Normal,"java:S2293:  ""Replace the type specification in this constructor call with the diamond operator (<>).""",MINOR,1min,Key: AXaPGVrC8LKHpH7XnEMv Path: 2020-mmqs-main-java--org.sejda:sejda-parent:sejda-model/src/main/java/org/sejda/model/parameter/image/AbstractPdfToMultipleImageParameters.java - startLine: 93;startOffset: 64;endOffset: 75;endLine: 93,Maintenance (Code Smells)
To-Do,New,Normal,"java:S2293:  ""Replace the type specification in this constructor call with the diamond operator (<>).""",MINOR,1min,Key: AXaPGVrC8LKHpH7XnEMw Path: 2020-mmqs-main-java--org.sejda:sejda-parent:sejda-model/src/main/java/org/sejda/model/parameter/image/AbstractPdfToMultipleImageParameters.java - startLine: 126;startOffset: 45;endOffset: 54;endLine: 126,Maintenance (Code Smells)
To-Do,New,Normal,"java:S2293:  ""Replace the type specification in this constructor call with the diamond operator (<>).""",MINOR,1min,Key: AXaPGVsQ8LKHpH7XnENR Path: 2020-mmqs-main-java--org.sejda:sejda-parent:sejda-model/src/main/java/org/sejda/model/parameter/SplitByEveryXPagesParameters.java - startLine: 48;startOffset: 44;endOffset: 53;endLine: 48,Maintenance (Code Smells)
To-Do,New,Normal,"java:S2200:  ""Only the sign of the result should be examined.""",MINOR,5min,Key: AXaPGVtL8LKHpH7XnENj Path: 2020-mmqs-main-java--org.sejda:sejda-parent:sejda-model/src/main/java/org/sejda/model/validation/validator/PositiveNumberValidator.java - startLine: 49;startOffset: 67;endOffset: 69;endLine: 49,Reliability (Bugs)
To-Do,New,Normal,"java:S2200:  ""Only the sign of the result should be examined.""",MINOR,5min,Key: AXaPGVtL8LKHpH7XnENk Path: 2020-mmqs-main-java--org.sejda:sejda-parent:sejda-model/src/main/java/org/sejda/model/validation/validator/PositiveNumberValidator.java - startLine: 51;startOffset: 67;endOffset: 69;endLine: 51,Reliability (Bugs)
To-Do,New,Normal,"java:S2293:  ""Replace the type specification in this constructor call with the diamond operator (<>).""",MINOR,1min,Key: AXaPGVsz8LKHpH7XnENg Path: 2020-mmqs-main-java--org.sejda:sejda-parent:sejda-model/src/main/java/org/sejda/model/pdf/page/PredefinedSetOfPages.java - startLine: 64;startOffset: 30;endOffset: 39;endLine: 64,Maintenance (Code Smells)
To-Do,New,Normal,"java:S1135:  ""Complete the task associated to this TODO comment.""",INFO,,Key: AXaPGVsg8LKHpH7XnENb Path: 2020-mmqs-main-java--org.sejda:sejda-parent:sejda-model/src/main/java/org/sejda/model/pdf/headerfooter/NumberingStyle.java - startLine: 33;startOffset: 0;endOffset: 51;endLine: 33,Maintenance (Code Smells)
To-Do,New,Normal,"java:S2293:  ""Replace the type specification in this constructor call with the diamond operator (<>).""",MINOR,1min,Key: AXaPGVsL8LKHpH7XnENO Path: 2020-mmqs-main-java--org.sejda:sejda-parent:sejda-model/src/main/java/org/sejda/model/parameter/UnpackParameters.java - startLine: 50;startOffset: 63;endOffset: 77;endLine: 50,Maintenance (Code Smells)
To-Do,New,Normal,"java:S1075:  ""Refactor your code to get this URI from a customizable parameter.""",MINOR,20min,Key: AXaPGVyU8LKHpH7XnEOs Path: 2020-mmqs-main-java--org.sejda:sejda-parent:sejda-core/src/main/java/org/sejda/core/context/XmlConfigurationStrategy.java - startLine: 68;startOffset: 53;endOffset: 68;endLine: 68,Maintenance (Code Smells)
To-Do,New,Normal,"java:S2293:  ""Replace the type specification in this constructor call with the diamond operator (<>).""",MINOR,1min,Key: AXaPGVq48LKHpH7XnEMs Path: 2020-mmqs-main-java--org.sejda:sejda-parent:sejda-model/src/main/java/org/sejda/model/input/PdfMergeInput.java - startLine: 97;startOffset: 45;endOffset: 54;endLine: 97,Maintenance (Code Smells)
To-Do,New,Normal,"java:S2293:  ""Replace the type specification in this constructor call with the diamond operator (<>).""",MINOR,1min,Key: AXaPGVsv8LKHpH7XnENc Path: 2020-mmqs-main-java--org.sejda:sejda-parent:sejda-model/src/main/java/org/sejda/model/pdf/page/PageRange.java - startLine: 105;startOffset: 47;endOffset: 56;endLine: 105,Maintenance (Code Smells)
To-Do,New,Normal,"java:S2293:  ""Replace the type specification in this constructor call with the diamond operator (<>).""",MINOR,1min,Key: AXaPGVsz8LKHpH7XnENd Path: 2020-mmqs-main-java--org.sejda:sejda-parent:sejda-model/src/main/java/org/sejda/model/pdf/page/PredefinedSetOfPages.java - startLine: 18;startOffset: 51;endOffset: 60;endLine: 18,Maintenance (Code Smells)
To-Do,New,Normal,"java:S2293:  ""Replace the type specification in this constructor call with the diamond operator (<>).""",MINOR,1min,Key: AXaPGVsz8LKHpH7XnENe Path: 2020-mmqs-main-java--org.sejda:sejda-parent:sejda-model/src/main/java/org/sejda/model/pdf/page/PredefinedSetOfPages.java - startLine: 33;startOffset: 51;endOffset: 60;endLine: 33,Maintenance (Code Smells)
To-Do,New,Normal,"java:S2293:  ""Replace the type specification in this constructor call with the diamond operator (<>).""",MINOR,1min,Key: AXaPGVsz8LKHpH7XnENf Path: 2020-mmqs-main-java--org.sejda:sejda-parent:sejda-model/src/main/java/org/sejda/model/pdf/page/PredefinedSetOfPages.java - startLine: 48;startOffset: 51;endOffset: 60;endLine: 48,Maintenance (Code Smells)
To-Do,New,Normal,"java:S1135:  ""Complete the task associated to this TODO comment.""",INFO,,Key: AXaPGVpc8LKHpH7XnEMY Path: 2020-mmqs-main-java--org.sejda:sejda-parent:sejda-conversion/src/main/java/org/sejda/conversion/EnumAdapter.java - startLine: 31;startOffset: 0;endOffset: 117;endLine: 31,Maintenance (Code Smells)
To-Do,New,Normal,"java:S1135:  ""Complete the task associated to this TODO comment.""",INFO,,Key: AXaPGVrS8LKHpH7XnEM5 Path: 2020-mmqs-main-java--org.sejda:sejda-parent:sejda-model/src/main/java/org/sejda/model/parameter/image/PdfToSingleTiffParameters.java - startLine: 38;startOffset: 0;endOffset: 68;endLine: 38,Maintenance (Code Smells)
To-Do,New,Normal,"java:S2293:  ""Replace the type specification in this constructor call with the diamond operator (<>).""",MINOR,1min,Key: AXaPGVsY8LKHpH7XnENW Path: 2020-mmqs-main-java--org.sejda:sejda-parent:sejda-model/src/main/java/org/sejda/model/parameter/ExtractPagesParameters.java - startLine: 62;startOffset: 64;endOffset: 75;endLine: 62,Maintenance (Code Smells)
To-Do,New,Normal,"java:S2293:  ""Replace the type specification in this constructor call with the diamond operator (<>).""",MINOR,1min,Key: AXaPGVsd8LKHpH7XnENa Path: 2020-mmqs-main-java--org.sejda:sejda-parent:sejda-model/src/main/java/org/sejda/model/parameter/SplitByPagesParameters.java - startLine: 42;startOffset: 54;endOffset: 63;endLine: 42,Maintenance (Code Smells)
To-Do,New,Normal,"java:S2293:  ""Replace the type specification in this constructor call with the diamond operator (<>).""",MINOR,1min,Key: AXaPGVps8LKHpH7XnEMb Path: 2020-mmqs-main-java--org.sejda:sejda-parent:sejda-conversion/src/main/java/org/sejda/conversion/MultiplePdfMergeInputAdapter.java - startLine: 39;startOffset: 68;endOffset: 83;endLine: 39,Maintenance (Code Smells)
To-Do,New,Normal,"java:S1858:  ""eachLine is already a string there's no need to call toString() on it.""",MINOR,2min,Key: AXaPGVp_8LKHpH7XnEMi Path: 2020-mmqs-main-java--org.sejda:sejda-parent:sejda-conversion/src/main/java/org/sejda/conversion/PdfFileSourceListAdapter.java - startLine: 206;startOffset: 51;endOffset: 59;endLine: 206,Maintenance (Code Smells)
To-Do,New,Normal,"java:S2293:  ""Replace the type specification in this constructor call with the diamond operator (<>).""",MINOR,1min,Key: AXaPGVtQ8LKHpH7XnENl Path: 2020-mmqs-main-java--org.sejda:sejda-parent:sejda-model/src/main/java/org/sejda/model/validation/validator/NoIntersectionsValidator.java - startLine: 48;startOffset: 50;endOffset: 61;endLine: 48,Maintenance (Code Smells)
To-Do,New,Normal,"java:S2293:  ""Replace the type specification in this constructor call with the diamond operator (<>).""",MINOR,1min,Key: AXaPGVtw8LKHpH7XnENo Path: 2020-mmqs-main-java--org.sejda:sejda-parent:sejda-model/src/main/java/org/sejda/model/outline/OutlinePageDestinations.java - startLine: 34;startOffset: 59;endOffset: 76;endLine: 34,Maintenance (Code Smells)
To-Do,New,Normal,"java:S2293:  ""Replace the type specification in this constructor call with the diamond operator (<>).""",MINOR,1min,Key: AXaPGVts8LKHpH7XnENm Path: 2020-mmqs-main-java--org.sejda:sejda-parent:sejda-model/src/main/java/org/sejda/model/split/SplitPages.java - startLine: 36;startOffset: 51;endOffset: 60;endLine: 36,Maintenance (Code Smells)
To-Do,New,Normal,"java:S2293:  ""Replace the type specification in this constructor call with the diamond operator (<>).""",MINOR,1min,Key: AXaPGVts8LKHpH7XnENn Path: 2020-mmqs-main-java--org.sejda:sejda-parent:sejda-model/src/main/java/org/sejda/model/split/SplitPages.java - startLine: 37;startOffset: 51;endOffset: 60;endLine: 37,Maintenance (Code Smells)
To-Do,New,Normal,"java:S2293:  ""Replace the type specification in this constructor call with the diamond operator (<>).""",MINOR,1min,Key: AXaPGVr88LKHpH7XnENE Path: 2020-mmqs-main-java--org.sejda:sejda-parent:sejda-model/src/main/java/org/sejda/model/parameter/SetPagesTransitionParameters.java - startLine: 47;startOffset: 75;endOffset: 103;endLine: 47,Maintenance (Code Smells)
To-Do,New,Normal,"java:S2293:  ""Replace the type specification in this constructor call with the diamond operator (<>).""",MINOR,1min,Key: AXaPGVsV8LKHpH7XnENU Path: 2020-mmqs-main-java--org.sejda:sejda-parent:sejda-model/src/main/java/org/sejda/model/parameter/SetPagesLabelParameters.java - startLine: 49;startOffset: 65;endOffset: 88;endLine: 49,Maintenance (Code Smells)
To-Do,New,Normal,"java:S1640:  ""Convert this Map to an EnumMap.""",MINOR,5min,Key: AXaPGVsS8LKHpH7XnENS Path: 2020-mmqs-main-java--org.sejda:sejda-parent:sejda-model/src/main/java/org/sejda/model/parameter/SetMetadataParameters.java - startLine: 46;startOffset: 57;endOffset: 94;endLine: 46,Maintenance (Code Smells)
To-Do,New,Normal,"java:S2293:  ""Replace the type specification in this constructor call with the diamond operator (<>).""",MINOR,1min,Key: AXaPGVsS8LKHpH7XnENT Path: 2020-mmqs-main-java--org.sejda:sejda-parent:sejda-model/src/main/java/org/sejda/model/parameter/SetMetadataParameters.java - startLine: 46;startOffset: 68;endOffset: 92;endLine: 46,Maintenance (Code Smells)
To-Do,New,Normal,"java:S1874:  ""Remove this use of newInstance; it is deprecated.""",MINOR,15min,Key: AXaPGVyC8LKHpH7XnEOj Path: 2020-mmqs-main-java--org.sejda:sejda-parent:sejda-core/src/main/java/org/sejda/core/notification/context/AbstractNotificationContext.java - startLine: 100;startOffset: 71;endOffset: 82;endLine: 100,Maintenance (Code Smells)
To-Do,New,Normal,"java:S2293:  ""Replace the type specification in this constructor call with the diamond operator (<>).""",MINOR,1min,Key: AXaPGVyb8LKHpH7XnEOu Path: 2020-mmqs-main-java--org.sejda:sejda-parent:sejda-core/src/main/java/org/sejda/core/context/DefaultTasksRegistry.java - startLine: 47;startOffset: 35;endOffset: 91;endLine: 47,Maintenance (Code Smells)
To-Do,New,Normal,"java:S1075:  ""Refactor your code to get this URI from a customizable parameter.""",MINOR,20min,Key: AXaPGVyU8LKHpH7XnEOt Path: 2020-mmqs-main-java--org.sejda:sejda-parent:sejda-core/src/main/java/org/sejda/core/context/XmlConfigurationStrategy.java - startLine: 70;startOffset: 46;endOffset: 59;endLine: 70,Maintenance (Code Smells)